<?xml version="1.0" encoding="UTF-8"?>
<beans xmlns="http://www.springframework.org/schema/beans"
	xmlns:xsi="http://www.w3.org/2001/XMLSchema-instance"
	xsi:schemaLocation="http://www.springframework.org/schema/beans https://www.springframework.org/schema/beans/spring-beans.xsd">
	
	<!-- Root Context: defines shared resources visible to all other web components -->
<bean class="org.springframework.web.servlet.handler.BeanNameUrlHandlerMapping">
 <property name="order" value="1" />
</bean>		

<bean name="/hello.ok" class="com.acorn.day1.AController"></bean>

<bean name="/p.ok" class="com.acorn.day1.di.pController">
<property name="p" ref="program"></property>
</bean>


</beans>
