<?xml version="1.0" encoding="UTF-8"?>
<beans xmlns="http://www.springframework.org/schema/beans"
 xmlns:xsi="http://www.w3.org/2001/XMLSchema-instance"
 xsi:schemaLocation="http://www.springframework.org/schema/beans
 http://www.springframework.org/schema/beans/spring-beans-3.0.xsd">


	<!-- 객체생성과 주입을 별도의 파일로 작성, 지시서 , 외부파일로 둠  -->			
	<bean id="calculator" class="com.acron.di.ACalculator"/>	
	<bean id="test" class="com.acron.di.Test"/>  
	
	 <!-- setter Injection  쎄터 주입  -->	  
 	<bean id="program"  class="com.acron.di.Program" >
	    <property  name="calculator" ref="calculator"/>	  
	</bean>
	 
	 
	<!--  constructor Injection  생성자 주입  -->	
	<bean id="program"  class="com.acron.di.Program" >
	    <constructor-arg  ref="calculator"/> 	 
	</bean> 
</beans>